Structure,Second_Name,First_Name,Third_Name,Birthday,Birthmonth,Birthyear,Photo,ID,KEY
GD,Абрамов,Иван,Николаевич,16,июня,1978,http://www.duma.gov.ru/upload/iblock/92d/92dd3b60ae76b901169a731fde65942d.gif,1756684,99111774
GD,Авдеев,Александр,Александрович,12,августа,1975,http://www.duma.gov.ru/upload/iblock/c07/c07e41c62853942c2200926d3279a4f7.jpg,1756998,99112936
GD,Агаев,Ваха,Абуевич,15,марта,1953,http://www.duma.gov.ru/upload/iblock/c47/c47a37496a3f74c2869c9756edb3554c.jpg,1756685,99111987
GD,Адучиев,Батор,Канурович,27,января,1963,http://www.duma.gov.ru/upload/iblock/585/585608ab71a280e48f9a984987fc1a8d.jpg,1756730,99112712
GD,Азимов,Рахим,Азизбоевич,16,августа,1964,http://www.duma.gov.ru/upload/iblock/d4e/d4e8ba3f30a7780a64ee8984bc11be14.jpg,1756688,99109653
GD,Аксаков,Анатолий,Геннадьевич,28,ноября,1957,http://www.duma.gov.ru/upload/iblock/fc1/fc10d57cbd534a2ecbcb5cada845d73e.jpg,1756975,99100784
GD,Алексеева,Татьяна,Олеговна,16,декабря,1962,http://www.duma.gov.ru/upload/iblock/6d7/6d7d298b6c279c41e71303ea57dc2471.jpg,1756689,99111778
GD,Алферов,Жорес,Иванович,15,марта,1930,http://www.duma.gov.ru/upload/iblock/c0f/c0ff1d4da98719c2734eeabdb5a6ca96.jpg,1756686,99100543
GD,Альшевских,Андрей,Геннадьевич,14,мая,1972,http://www.duma.gov.ru/upload/iblock/c07/c078adea94201bb338433ec9e0015ada.jpg,1756731,99112719
GD,Ананских,Игорь,Александрович,6,сентября,1966,http://www.duma.gov.ru/upload/iblock/f46/f468a31979138474dafc791027c0a389.jpg,1756942,99111780
GD,Аникеев,Григорий,Викторович,28,февраля,1972,http://www.duma.gov.ru/upload/iblock/bcc/bccc728a5a6730ea239dd57ba50f8181.jpg,1756690,99110909
GD,Антонова,Лидия,Николаевна,15,мая,1950,http://www.duma.gov.ru/upload/iblock/515/515540073e58ab3152ed9be5b3a85bb5.jpg,1756733,99112513
GD,Антошкин,Николай,Тимофеевич,19,декабря,1942,http://www.duma.gov.ru/upload/iblock/21e/21ef55a4cb6e951d0533be64163a5a5c.jpg,1756740,99112511
GD,Арефьев,Николай,Васильевич,11,марта,1949,http://www.duma.gov.ru/upload/iblock/c59/c59a03e7b0d14111d4806d500e1bdae8.jpg,1756691,99100640
GD,Аршба,Отари,Ионович,12,апреля,1955,http://www.duma.gov.ru/upload/iblock/d35/d3543f719dc156824639cfb8f438ceb1.jpg,1756683,99109998
GD,Аршинова,Алёна,Игоревна,3,марта,1985,http://www.duma.gov.ru/upload/iblock/479/479fdcd7f451f01c943f463511cc9ea3.jpg,1756692,99112121
GD,Аскендеров,Заур,Асевович,12,июля,1970,http://www.duma.gov.ru/upload/iblock/7b2/7b20cc9cd60eb28f7d528ef1cdb8237a.jpg,1756693,99112120
GD,Афонин,Юрий,Вячеславович,22,марта,1977,http://www.duma.gov.ru/upload/iblock/c4b/c4b35e9097522c4020b13082da9ad49a.jpg,1756696,99110911
GD,Афонский,Владимир,Игорьевич,10,октября,1966,http://www.duma.gov.ru/upload/iblock/ab2/ab2f2efa99f9b4f37e87b5f6d0b98b7e.jpg,1756697,99112021
GD,Байгускаров,Зариф,Закирович,30,июня,1967,http://www.duma.gov.ru/upload/iblock/7f7/7f7cf0249e8c02785c9a58d6323a9539.jpg,1756742,99112721
GD,Балыбердин,Алексей,Владимирович,27,апреля,1978,http://www.duma.gov.ru/upload/iblock/29a/29ab8a4cd043bac9c702a76615335327.jpg,1756958,99112722
GD,Балыхин,Григорий,Артёмович,19,ноября,1946,http://www.duma.gov.ru/upload/iblock/c30/c30d8e55568b5b29c822ce83ede3f977.jpg,1756698,99110914
GD,Бальбек,Руслан,Исмаилович,28,августа,1977,http://www.duma.gov.ru/upload/iblock/c9e/c9ec1856e48380effc30fcaffe4c12a4.jpg,1756744,99112723
GD,Бариев,Марат,Мансурович,9,июля,1961,http://www.duma.gov.ru/upload/iblock/33a/33a70e2f36bb396afdbcd2220af0af53.jpg,1756699,99111787
GD,Барышев,Андрей,Викторович,2,февраля,1966,http://www.duma.gov.ru/upload/iblock/a37/a377fbea091fe7a0ade21307aa06309e.jpg,1756747,99112724
GD,Баталина,Ольга,Юрьевна,8,ноября,1975,http://www.duma.gov.ru/upload/iblock/f0f/f0f1c0fad4e6a94dc0dff9a89bdb561d.jpg,1756700,99111788
GD,Баталова,Рима,Акбердиновна,1,января,1964,http://www.duma.gov.ru/upload/iblock/2f7/2f7b5263b5630945fbb0bb351afb9791.jpg,1756701,99111789
GD,Бахарев,Константин,Михайлович,20,октября,1972,http://www.duma.gov.ru/upload/iblock/2a5/2a5851f5bf2156110d302f0264f4ce8d.jpg,1756749,99112725
GD,Бахметьев,Виталий,Викторович,12,августа,1961,http://www.duma.gov.ru/upload/iblock/264/264a9796e1e3e003e328e4a2b150602f.jpg,1756751,99112726
GD,Белеков,Иван,Итулович,20,марта,1953,http://www.duma.gov.ru/upload/iblock/ebd/ebde792650a452d36db2af6783f13f25.jpg,1756752,99112727
GD,Белик,Дмитрий,Анатольевич,17,октября,1969,http://www.duma.gov.ru/upload/iblock/94b/94b4c4094a3454363397b22ad71d9a6b.jpg,1756753,99112728
GD,Белоусов,Вадим,Владимирович,2,октября,1960,http://www.duma.gov.ru/upload/iblock/cf3/cf33b7db20b5ec0c6b8c3dc4f28ce5ab.jpg,1756754,99111791
GD,Белых,Ирина,Викторовна,16,августа,1964,http://www.duma.gov.ru/upload/iblock/89c/89c3366cb6d4b2fec7e6f1e804405be9.jpg,1756702,99112362
GD,Березуцкий,Юрий,Николаевич,8,августа,1956,http://www.duma.gov.ru/upload/iblock/4c0/4c057e48c9750ff7ee876e6f7e0b18c4.jpg,1756756,99112729
GD,Беспалова,Марина,Павловна,26,июля,1963,http://www.duma.gov.ru/upload/iblock/74d/74d8886cd36a2985825fdb4c495739b8.jpg,1756757,99112730
GD,Бессараб,Светлана,Викторовна,7,декабря,1970,http://www.duma.gov.ru/upload/iblock/632/632c32276cc37e73cdf8f150e98c0767.jpg,1806339,99113014
GD,Бессарабов,Даниил,Владимирович,9,июля,1976,http://www.duma.gov.ru/upload/iblock/1f6/1f63b4798d6e5de9d17e0ac8036e7904.jpg,1756999,99112937
GD,Бидонько,Сергей,Юрьевич,18,августа,1975,http://www.duma.gov.ru/upload/iblock/780/7806962a37e0b429aab9329bb7776d76.jpg,1756758,99112731
GD,Бикбаев,Ильдар,Зинурович,15,февраля,1959,http://www.duma.gov.ru/upload/iblock/9f0/9f0048e60124e865ef5f6c3b5af343e5.jpg,1756759,99112732
GD,Бифов,Анатолий,Жамалович,7,января,1963,http://www.duma.gov.ru/upload/iblock/19a/19ad911e6e041769c61f0bda4135c90c.jpg,1756760,99111795
GD,Блоцкий,Владимир,Николаевич,10,ноября,1977,http://www.duma.gov.ru/upload/iblock/18a/18a7fb13f4f927e193270b178dd9eed0.jpg,1756761,99112930
GD,Богодухов,Владимир,Иванович,15,февраля,1961,http://www.duma.gov.ru/upload/iblock/a90/a9048566e17f50e29732070ac3831833.jpg,1756762,99112921
GD,Богуславский,Ирек,Борисович,9,сентября,1967,http://www.duma.gov.ru/upload/iblock/5c0/5c0962b14ab571393eb900d84f406277.jpg,1756703,99110921
GD,Боева,Наталья,Дмитриевна,26,декабря,1951,http://www.duma.gov.ru/upload/iblock/845/845ada3b2a6b82387f7230eb2ab7c783.jpg,1756763,99112734
GD,Боженов,Сергей,Андреевич,15,сентября,1957,http://www.duma.gov.ru/upload/iblock/108/1085c988f094e3717bf66967b133bc10.jpg,1760724,99112940
GD,Бокк,Владимир,Владимирович,18,июня,1953,http://www.duma.gov.ru/upload/iblock/469/4699447ab6348c827cc4260dad2c573c.jpg,1756764,99112735
GD,Бондаренко,Елена,Вениаминовна,10,июня,1968,http://www.duma.gov.ru/upload/iblock/033/033b42d6db569a53fdffbaaa42cba120.jpg,1756765,99112736
GD,Бондарь,Оксана,Андреевна,25,февраля,1974,http://www.duma.gov.ru/upload/iblock/72e/72e186ea7de2b826b35243e64aeb404d.jpg,1756766,99112737
GD,Бортко,Владимир,Владимирович,7,мая,1946,http://www.duma.gov.ru/upload/iblock/286/286ab863ec150d9f296117dfd4d42af0.jpg,1756976,99111798
GD,Борцов,Николай,Иванович,8,мая,1945,http://www.duma.gov.ru/upload/iblock/1a0/1a0270d60624a267b82d68f3ca0735ff.jpg,1756705,99109981
GD,Боташев,Расул,Борисович,20,октября,1977,http://www.duma.gov.ru/upload/iblock/f8a/f8a4b5bfb91755171124189fd3f7f90f.jpg,1756979,99112738
GD,Боярский,Сергей,Михайлович,24,января,1980,http://www.duma.gov.ru/upload/iblock/77c/77cdc9bc9190937465dd36b8b161816d.jpg,1756767,99112739
GD,Брыкин,Николай,Гаврилович,25,ноября,1959,http://www.duma.gov.ru/upload/iblock/df1/df1427588c864ee2a1bdccbcebc878c7.jpg,1756768,99112740
GD,Брыксин,Александр,Юрьевич,20,января,1967,http://www.duma.gov.ru/upload/iblock/6e8/6e88596e617632e4da3eaba1b071e22f.jpg,1756706,99112010
GD,Бугера,Михаил,Евгеньевич,14,января,1961,http://www.duma.gov.ru/upload/iblock/edf/edfd918b3a078429fb3b95c341c6003a.jpg,1756755,99107264
GD,Будуев,Николай,Робертович,24,марта,1974,http://www.duma.gov.ru/upload/iblock/7f7/7f76a448bfb585ff3c250bd4cb40af85.jpg,1756769,99112913
GD,Бузилов,Валерий,Викторович,26,сентября,1953,http://www.duma.gov.ru/upload/iblock/2d3/2d3e05c97a2965612520cc1844ea6842.jpg,1756770,99112741
GD,Букачаков,Родион,Борисович,13,сентября,1963,http://www.duma.gov.ru/upload/iblock/535/535d08accd17f2f4cbf888a8bc0c15ee.jpg,1756695,99112742
GD,Булавинов,Вадим,Евгеньевич,20,марта,1963,http://www.duma.gov.ru/upload/iblock/5ac/5ac802c9430a3a8a1c4430bf7c4aa7f2.jpg,1756707,99100052
GD,Бурков,Александр,Леонидович,23,апреля,1967,http://www.duma.gov.ru/upload/iblock/41e/41e2348c4c9c04d1184f6d82b1c832cf.jpg,1756708,Not found
GD,Бурматов,Владимир,Владимирович,18,августа,1981,http://www.duma.gov.ru/upload/iblock/422/422ce0542962547f595d0a4a85a5ace8.jpg,1756961,99111801
GD,Бурнашов,Алексей,Леонидович,28,июня,1973,http://www.duma.gov.ru/upload/iblock/553/5531b3103e478be596879a8350b93fbc.jpg,1756771,99112743
GD,Валеев,Эрнест,Абдулович,7,апреля,1950,http://www.duma.gov.ru/upload/iblock/5a0/5a07b5ae138083546aa243c282bf841d.jpg,1756709,99112023
GD,Валенчук,Олег,Дорианович,14,сентября,1960,http://www.duma.gov.ru/upload/iblock/a2e/a2e9411cdfa408ac26d10b2072c56e68.jpg,1756710,99110927
GD,Валуев,Николай,Сергеевич,21,августа,1973,http://www.duma.gov.ru/upload/iblock/7df/7df270a904c5772f5f0207fd0aca86ba.jpg,1756711,99111804
GD,Василенко,Александр,Борисович,21,октября,1948,http://www.duma.gov.ru/upload/iblock/64b/64b2ebf58cab27e4ade11ec022fe4b1a.jpg,1756712,99112012
GD,Васильев,Александр,Николаевич,30,марта,1982,http://www.duma.gov.ru/upload/iblock/6c8/6c8f3c150da6a8d0749c7927d12a7a28.jpg,1756713,99112032
GD,Васильев,Владимир,Абдуалиевич,11,августа,1949,http://www.duma.gov.ru/upload/iblock/1f8/1f887d72b230913262186c5e8900210a.jpg,1756714,Not found
GD,Веллер,Алексей,Борисович,9,января,1966,http://www.duma.gov.ru/upload/iblock/531/531e424ef0c10dfff6c5318a92611337.jpg,1756774,99112745
GD,Ветлужских,Андрей,Леонидович,5,августа,1961,http://www.duma.gov.ru/upload/iblock/e10/e106677d8cf953bf7ad4082b53cf3b52.jpg,1756775,99112746
GD,Власов,Василий,Максимович,27,июня,1995,http://www.duma.gov.ru/upload/iblock/92a/92a4e582018685f5055e184a2648351a.jpg,1756776,99112747
GD,Водолацкий,Виктор,Петрович,19,августа,1957,http://www.duma.gov.ru/upload/iblock/189/189bab1611839bd99750dc74e4c87698.jpg,1756777,99110929
GD,Воевода,Алексей,Иванович,9,мая,1980,http://www.duma.gov.ru/upload/iblock/83e/83ea81089a7e38ecb7d795955d95f45f.jpg,1756778,99112928
GD,Волков,Юрий,Геннадьевич,1,июня,1986,http://www.duma.gov.ru/upload/iblock/fd5/fd591e9152ed6adaee08a2bb3a73f379.jpg,1756902,99112934
GD,Володин,Вячеслав,Викторович,4,февраля,1964,http://www.duma.gov.ru/upload/iblock/059/0591d7471bee79280f8e8688d0a980d3.jpg,1756721,99100829
GD,Воробьев,Александр,Васильевич,27,мая,1954,http://www.duma.gov.ru/upload/iblock/c71/c715fe1b3ac0b2b0d905a746e9d76b87.jpg,1756779,99112748
GD,Воронина,Татьяна,Евгеньевна,4,января,1962,http://www.duma.gov.ru/upload/iblock/80f/80f3c106c402a884930fc065019b3de3.jpg,1756780,99112749
GD,Вострецов,Сергей,Алексеевич,4,апреля,1976,http://www.duma.gov.ru/upload/iblock/6e8/6e8d1d209644ef330aa36098c5857505.jpg,1756715,99112485
GD,Вторыгина,Елена,Андреевна,17,августа,1957,http://www.duma.gov.ru/upload/iblock/da2/da23c9571531a7254650bff9492e9420.jpg,1756716,99110932
GD,Выборный,Анатолий,Борисович,8,июня,1965,http://www.duma.gov.ru/upload/iblock/009/009ff0fee75ee8516f714372eb7d5d3e.jpg,1756964,99111809
GD,Вяткин,Дмитрий,Федорович,21,мая,1974,http://www.duma.gov.ru/upload/iblock/272/2722dedfe23880f291f381889fa09db3.jpg,1756717,99110933
GD,Гаврилов,Сергей,Анатольевич,27,января,1966,http://www.duma.gov.ru/upload/iblock/b72/b72cefe338351c3c972e5c05370600c5.jpg,1756718,99110934
GD,Гаджиев,Магомед,Тажудинович,7,апреля,1965,http://www.duma.gov.ru/upload/iblock/ad1/ad165bd7869448d49ff6d5c8275efb13.jpg,1756719,99110082
GD,Гаджиев,Мурад,Станиславович,31,июля,1961,http://www.duma.gov.ru/upload/iblock/056/0567a85d8e37395ba391b72d012a0d00.jpg,1756720,99111991
GD,Гадыльшин,Мурад,Асфандиарович,7,августа,1958,http://www.duma.gov.ru/upload/iblock/bc7/bc78615056a644cb96c397e28884594d.jpg,1756781,99112750
GD,Газгиреев,Юшаа,Орснакиевич,16,апреля,1958,http://www.duma.gov.ru/upload/iblock/df8/df83399916d614a150fa01a313ed4867.jpg,1756785,99112925
GD,Газзаев,Валерий,Георгиевич,7,августа,1954,http://www.duma.gov.ru/upload/iblock/d66/d6652a64b6045d2c59f3b15f29fee3c4.jpg,1756786,99112751
GD,Ганзя,Вера,Анатольевна,28,апреля,1959,http://www.duma.gov.ru/upload/iblock/4d7/4d7e93e536a9e91c31f38bb032812e5a.jpg,1756899,99112430
GD,Ганиев,Фарит,Глюсович,19,января,1964,http://www.duma.gov.ru/upload/iblock/34a/34a89a14dc6cf3dcb113e9eb3cdafb2e.jpg,1756789,99112752
GD,Гартунг,Валерий,Карлович,12,ноября,1960,http://www.duma.gov.ru/upload/iblock/d7c/d7c61503d5a888b3f940fe05431e601b.jpg,1756722,99107687
GD,Геккиев,Заур,Далхатович,12,февраля,1961,http://www.duma.gov.ru/upload/iblock/af5/af5b55fd260cb7f43ca4fa3c531c23a7.jpg,1756723,99111812
GD,Герасименко,Николай,Федорович,1,декабря,1950,http://www.duma.gov.ru/upload/iblock/fc4/fc494bff454fe9fafadfeab25947a941.jpg,1756724,99101528
GD,Германова,Ольга,Михайловна,26,сентября,1961,http://www.duma.gov.ru/upload/iblock/89f/89f3346f03f39d481159f667c496063e.jpg,1756791,99112920
GD,Гетта,Антон,Александрович,29,апреля,1980,http://www.duma.gov.ru/upload/iblock/ac6/ac6e8290d98d7b8fe554684145e4fc69.jpg,1756792,99112753
GD,Гильмутдинов,Ильдар,Ирекович,3,сентября,1962,http://www.duma.gov.ru/upload/iblock/8e3/8e310ec9b51a38da6f4e0e7034bbf500.jpg,1756725,99110085
GD,Гладких,Борис,Михайлович,16,февраля,1983,http://www.duma.gov.ru/upload/iblock/f4a/f4a650db3c93da40278765d17cdee1db.jpg,1756794,99112754
GD,Говорин,Николай,Васильевич,29,декабря,1952,http://www.duma.gov.ru/upload/iblock/e9d/e9d98829692dc48cc55d2bbc07265c36.jpg,1756726,99112608
GD,Говорухин,Станислав,Сергеевич,29,марта,1936,http://www.duma.gov.ru/upload/iblock/897/897e138b14ebfe3af0d98cfad8f3811a.jpg,1756727,99100099
GD,Гоголева,Татьяна,Степановна,26,ноября,1961,http://www.duma.gov.ru/upload/iblock/1ab/1abcacd7157b76f557c560af4d5a36ca.jpg,1756796,99112755
GD,Голушко,Андрей,Иванович,1,декабря,1964,http://www.duma.gov.ru/upload/iblock/cbb/cbbaf761bcab6fa4b951c63aed9c7322.jpg,1756728,99110941
GD,Гончар,Николай,Николаевич,18,октября,1946,http://www.duma.gov.ru/upload/iblock/da4/da4754673aa5d0d4a661f2ccfb469e63.jpg,1756729,99102051
GD,Горелкин,Антон,Вадимович,22,января,1982,http://www.duma.gov.ru/upload/iblock/4b8/4b8aa59612216fc5e8df2f8f9cae1869.jpg,1756802,99112916
GD,Грешневиков,Анатолий,Николаевич,29,августа,1956,http://www.duma.gov.ru/upload/iblock/51d/51d819499679529ca24b392b8801823f.jpg,1756962,99100110
GD,Грибов,Александр,Сергеевич,22,мая,1986,http://www.duma.gov.ru/upload/iblock/7df/7dfb2ced189a6d505c064903b782bfdc.jpg,1756943,99112932
GD,Грищенко,Олег,Васильевич,10,августа,1966,http://www.duma.gov.ru/upload/iblock/71c/71c1b37643044f99902a376d1416aece.jpg,1756805,Not found
GD,Гулевский,Михаил,Владимирович,11,ноября,1948,http://www.duma.gov.ru/upload/iblock/304/30457e22375b74569087762a6c8ffeab.jpg,1756807,99112757
GD,Гусева,Ирина,Михайловна,20,мая,1972,http://www.duma.gov.ru/upload/iblock/691/691c3aa90ff1e8ba074a6b9720135911.jpg,1756809,99112466
GD,Гутенев,Владимир,Владимирович,27,марта,1966,http://www.duma.gov.ru/upload/iblock/cda/cda6fd1e70842c001f3ad7684253752d.jpg,1756810,99111820
GD,Дамдинов,Алдар,Валерьевич,28,марта,1971,http://www.duma.gov.ru/upload/iblock/151/151ba09cdfbf4395087ab36b7b38797d.jpg,1756811,99112758
GD,Данчикова,Галина,Иннокентьевна,13,августа,1954,http://www.duma.gov.ru/upload/iblock/cbe/cbe32ef19c50dbea722c449f775e06be.jpg,1756813,99112914
GD,Дегтярев,Михаил,Владимирович,10,июля,1981,http://www.duma.gov.ru/upload/iblock/116/11677526daba8fa0c64cd76564354a4c.jpg,1756814,99111822
GD,Делимханов,Адам,Султанович,25,сентября,1969,http://www.duma.gov.ru/upload/iblock/e6b/e6b99f6ae5503164973e125301d8174a.jpg,1756816,99110948
GD,Демченко,Иван,Иванович,27,сентября,1960,http://www.duma.gov.ru/upload/iblock/779/779f21c735842a5d55e6e60698c83e48.jpg,1756817,99110949
GD,Деньгин,Вадим,Евгеньевич,23,сентября,1980,http://www.duma.gov.ru/upload/iblock/16d/16dc489cbd58b8b94648396f6dc8772c.jpg,1756818,99111684
GD,Дерябкин,Виктор,Ефимович,11,мая,1954,http://www.duma.gov.ru/upload/iblock/4b1/4b1186bd1d1a4ba244d2f48786ce433d.jpg,1756982,99112759
GD,Дзюба,Виктор,Викторович,10,августа,1977,http://www.duma.gov.ru/upload/iblock/306/3064e3ad35628d4d0722895a910d60dd.jpg,1756995,99112760
GD,Дивинский,Игорь,Борисович,13,декабря,1957,http://www.duma.gov.ru/upload/iblock/cd7/cd7cdc7017cb763d49a7d5bf991603f4.jpg,1756965,99112761
GD,Диденко,Алексей,Николаевич,30,марта,1983,http://www.duma.gov.ru/upload/iblock/90a/90a86a8cf3f57981f65114fde060db0f.jpg,1756823,99111823
GD,Догаев,Ахмед,Шамханович,18,августа,1965,http://www.duma.gov.ru/upload/iblock/129/12977fc4757da749917de9292a8bbe97.jpg,1756825,99112924
GD,Дорохин,Павел,Сергеевич,25,октября,1965,http://www.duma.gov.ru/upload/iblock/c62/c6297f5f82c853bc10fbb7855e5b24b0.jpg,1756826,99111827
GD,Драпеко,Елена,Григорьевна,29,октября,1948,http://www.duma.gov.ru/upload/iblock/49c/49c2a04728d8eb39687cc7d76acf89c2.jpg,1756828,99100799
GD,Драчев,Владимир,Петрович,7,марта,1966,http://www.duma.gov.ru/upload/iblock/90b/90b374f473d1a9c843012923d30faec3.jpg,1756830,99112762
GD,Духанина,Любовь,Николаевна,5,октября,1958,http://www.duma.gov.ru/upload/iblock/9c8/9c88d0339945117631524d01250944cb.jpg,1756831,99112763
GD,Евланов,Владимир,Лазаревич,3,августа,1948,http://www.duma.gov.ru/upload/iblock/9e4/9e41b0f426e028f7574ea09359e9c485.jpg,1756833,99112764
GD,Евтушенко,Ирина,Дмитриевна,2,июля,1957,http://www.duma.gov.ru/upload/iblock/d1b/d1bee61717afa186bc3162d94f78c4a6.jpg,1756835,Not found
GD,Езерский,Николай,Николаевич,8,мая,1956,http://www.duma.gov.ru/upload/iblock/2ac/2ac85950ac63126aa606e9d2577ed6d6.jpg,1756837,99110020
GD,Езубов,Алексей,Петрович,10,февраля,1948,http://www.duma.gov.ru/upload/iblock/766/766af00467fda4dfea092a76ee397a88.jpg,1756839,99110954
GD,Елыкомов,Валерий,Анатольевич,25,мая,1959,http://www.duma.gov.ru/upload/iblock/a2c/a2c9e010d3ca9f9e184ccf7103bef5c7.jpg,1756840,99112766
GD,Емельянов,Михаил,Васильевич,9,мая,1962,http://www.duma.gov.ru/upload/iblock/f2e/f2e6b51660c45a975eaa30972db717c1.jpg,1756954,99102119
GD,Епифанова,Ольга,Николаевна,19,августа,1966,http://www.duma.gov.ru/upload/iblock/ba3/ba3030c14e58a1ef25a4f1334cb0f0f9.jpg,1756843,99111830
GD,Есяков,Сергей,Яковлевич,11,августа,1963,http://www.duma.gov.ru/upload/iblock/3f5/3f5df520281dca31edc7d3348474f1ca.jpg,1756992,99112014
GD,Ефимов,Виталий,Борисович,4,апреля,1940,http://www.duma.gov.ru/upload/iblock/f25/f2565291c890c2e9723e0a3fdbd80531.jpg,1756846,99111831
GD,Жарков,Антон,Викторович,3,октября,1967,http://www.duma.gov.ru/upload/iblock/b39/b394c869f4ed1019ddb695cdc27eb0ab.jpg,1756963,99111832
GD,Железняк,Сергей,Владимирович,30,июля,1970,http://www.duma.gov.ru/upload/iblock/5b6/5b6bd877a7b2f78ba77ad0e2e3d27fc1.jpg,1756849,99110957
GD,Жигарев,Сергей,Александрович,31,марта,1969,http://www.duma.gov.ru/upload/iblock/499/499cb103cd9ae534846c6e9f1a1a4812.jpg,1756850,99111833
GD,Жириновский,Владимир,Вольфович,25,апреля,1946,http://www.duma.gov.ru/upload/iblock/760/76065467849b5fd21f700e71f72c219f.jpg,1756687,99100142
GD,Жуков,Александр,Дмитриевич,1,июня,1956,http://www.duma.gov.ru/upload/iblock/25a/25a2064396d27f7c62010dd922db5339.jpg,1756852,99100145
GD,Жупиков,Александр,Владимирович,29,апреля,1978,http://www.duma.gov.ru/upload/iblock/833/833fe5f0bbfdd34da15c93a7e5e2d4bb.jpg,1756984,99112911
GD,Журавлев,Алексей,Александрович,30,июня,1962,http://www.duma.gov.ru/upload/iblock/b94/b9428c933eac7d84ff29ec17c41db45e.jpg,1756855,99111836
GD,Журова,Светлана,Сергеевна,7,января,1972,http://www.duma.gov.ru/upload/iblock/ccf/ccf99aa831c734baf31dc8bd2a32a96b.jpg,1756856,99110958
GD,Жутенков,Владимир,Александрович,2,апреля,1962,http://www.duma.gov.ru/upload/iblock/cb6/cb6dcf8ba30168c1ba59f542535ca50c.jpg,1756858,Not found
GD,Завальный,Павел,Николаевич,11,августа,1961,http://www.duma.gov.ru/upload/iblock/843/8435b8efbb9e94766e280067c911b6c8.jpg,1756860,99112028
GD,Заварзин,Виктор,Михайлович,28,ноября,1948,http://www.duma.gov.ru/upload/iblock/abf/abf0ac9f1497275bf65d92c2551582f7.jpg,1756861,99109953
GD,Загребин,Алексей,Егорович,5,июля,1972,http://www.duma.gov.ru/upload/iblock/949/94948beae0d464d0ab2cfbf7d1a7effc.jpg,1756863,99112768
GD,Затулин,Константин,Федорович,7,сентября,1958,http://www.duma.gov.ru/upload/iblock/8db/8db3b8c732cd3f1d9b83507e15835c10.jpg,1756865,99100158
GD,Земцов,Николай,Георгиевич,6,ноября,1967,http://www.duma.gov.ru/upload/iblock/408/4087cfd339c4abaea6890ac30144e328.jpg,1756867,99112769
GD,Зиннуров,Ирек,Хайдарович,11,января,1969,http://www.duma.gov.ru/upload/iblock/dc5/dc5925bea075c7da39d4cba0ce63ed16.jpg,1756868,99112918
GD,Зобнев,Виктор,Викторович,7,июня,1964,http://www.duma.gov.ru/upload/iblock/204/204c16fac302c98d56ec23c6b4775543.jpg,1756869,99112770
GD,Зубарев,Виктор,Владиславович,20,февраля,1961,http://www.duma.gov.ru/upload/iblock/ee2/ee2c14f491aeed8374b34c90ba3265c4.jpg,1756871,99110967
GD,Зюганов,Геннадий,Андреевич,26,июня,1944,http://www.duma.gov.ru/upload/iblock/6b5/6b55e3abb84490118b5adcc5eeceb233.jpg,1756694,99100171
GD,Иванов,Валерий,Викторович,14,сентября,1960,http://www.duma.gov.ru/upload/iblock/208/2088a745e31b19247e2c15ea65e84af4.jpg,1756873,99112175
GD,Иванов,Максим,Анатольевич,24,ноября,1967,http://www.duma.gov.ru/upload/iblock/c80/c807a2964b42d5722d26b733dd8d84f1.jpg,1756875,99112771
GD,Иванов,Николай,Николаевич,17,января,1957,http://www.duma.gov.ru/upload/iblock/7fe/7fe7e1c9d20b8851051bc68e2152f83a.jpg,1756876,99100666
GD,Иванов,Сергей,Владимирович,26,октября,1969,http://www.duma.gov.ru/upload/iblock/110/110ce41c966da0d6eb69f6640d7bdb66.jpg,1756877,99100522
GD,Игнатов,Виктор,Александрович,15,октября,1968,http://www.duma.gov.ru/upload/iblock/2ac/2ace6ba58dc7985fd8f837b21a84c99a.jpg,1756879,99107896
GD,Игошин,Игорь,Николаевич,11,декабря,1970,http://www.duma.gov.ru/upload/iblock/253/2531cfea990a172937ebe0956239406e.jpg,1756880,99100862
GD,Изотов,Алексей,Николаевич,26,апреля,1973,http://www.duma.gov.ru/upload/iblock/690/6906403c743a17d1fdd4e0c2f4a9101e.jpg,1756986,99112772
GD,Ильтяков,Александр,Владимирович,9,октября,1971,http://www.duma.gov.ru/upload/iblock/ce8/ce8b1c937c52561c9927ec3f30e14c37.jpg,1756883,99111844
GD,Исаев,Андрей,Константинович,1,октября,1964,http://www.duma.gov.ru/upload/iblock/2c6/2c6c0f79dae3ec9d6e7d9fd6bff309e6.jpg,1756884,99100749
GD,Исаев,Михаил,Александрович,26,января,1974,http://www.duma.gov.ru/upload/iblock/cb0/cb0bb4e62f1585fe7a04621c0cf3a450.jpg,1756886,Not found
GD,Исламов,Дмитрий,Викторович,5,декабря,1977,http://www.duma.gov.ru/upload/iblock/f7f/f7f178e0e4f5d7436f4d5e5ffed564b0.jpg,1756947,99112773
GD,Ишсарин,Рамзил,Рафаилович,13,июня,1975,http://www.duma.gov.ru/upload/iblock/c93/c931c216ab262cd9e099d8b934d06d98.jpg,1756889,99112774
GD,Ищенко,Александр,Николаевич,9,июля,1959,http://www.duma.gov.ru/upload/iblock/cdc/cdca9454c4d0a0583344538ff949e961.jpg,1756890,99109900
GD,Кабанова,Валентина,Викторовна,10,октября,1951,http://www.duma.gov.ru/upload/iblock/c75/c753b5d540ad65d891f2fe2c4ba2b924.jpg,1756950,99111220
GD,Кавинов,Артем,Александрович,3,сентября,1969,http://www.duma.gov.ru/upload/iblock/63d/63d0b1a9dcc659a55fa8f76ac2915d39.jpg,1756892,99112775
GD,Казаков,Виктор,Алексеевич,4,апреля,1949,http://www.duma.gov.ru/upload/iblock/ea1/ea10c937d6a46489b143773e021789f0.jpg,1756987,99109906
GD,Казакова,Ольга,Михайловна,30,мая,1968,http://www.duma.gov.ru/upload/iblock/d9b/d9b998ca1d03243e7ad99868d87a825d.jpg,1756895,99112127
GD,Казанков,Сергей,Иванович,9,октября,1972,http://www.duma.gov.ru/upload/iblock/e1f/e1fcf83ca39e3e245c20b51925904a98.jpg,1756897,99112776
GD,Калашников,Леонид,Иванович,6,августа,1960,http://www.duma.gov.ru/upload/iblock/bac/bac39b88e90bb7faf60f4b25dbb2ffe3.jpg,1756904,99111543
GD,Каличенко,Андрей,Владимирович,27,января,1975,http://www.duma.gov.ru/upload/iblock/b73/b737abce11e4db81aa2729747b683bb4.jpg,1756906,99112777
GD,Каминский,Александр,Викторович,18,ноября,1957,http://www.duma.gov.ru/upload/iblock/643/643759f874528b95936dbad8e1fdab0f.jpg,1756907,99111850
GD,Канаев,Алексей,Валерианович,30,сентября,1971,http://www.duma.gov.ru/upload/iblock/af3/af3a3b39515bb45ab50c48d8e65db506.jpg,1756908,99112778
GD,Карамышев,Виктор,Николаевич,17,декабря,1966,http://www.duma.gov.ru/upload/iblock/4a1/4a148b94bc85ed6f4fa3c860a7af6e61.jpg,1757001,99112939
GD,Каргинов,Сергей,Генрихович,5,сентября,1969,http://www.duma.gov.ru/upload/iblock/76a/76a0e7660f03d24e017f46adf61b9c35.jpg,1756910,99111852
GD,Карелин,Александр,Александрович,19,сентября,1967,http://www.duma.gov.ru/upload/iblock/e32/e32b2cd0612da6573061f5db435b3250.jpg,1756952,99100692
GD,Карлов,Георгий,Александрович,4,января,1971,http://www.duma.gov.ru/upload/iblock/d38/d386d0d80e3311d536e3f199c37cbead.jpg,1756912,99112018
GD,Кармазина,Раиса,Васильевна,9,января,1951,http://www.duma.gov.ru/upload/iblock/589/5898c684e40fc7a738dea1a4798b1f17.jpg,1756990,99109942
GD,Карпов,Анатолий,Евгеньевич,23,мая,1951,http://www.duma.gov.ru/upload/iblock/c78/c78f853261e768e85efaf86f9ecb350a.jpg,1756682,99111854
GD,Касаева,Татьяна,Викторовна,26,сентября,1979,http://www.duma.gov.ru/upload/iblock/904/904ba83ad19b76f76dd1f782e894e0b3.jpg,1756900,99112933
GD,Катасонов,Сергей,Михайлович,1,мая,1963,http://www.duma.gov.ru/upload/iblock/0a9/0a9ebeaed97fa326c9916878fab61f3a.jpg,1756681,99112236
GD,Катенев,Владимир,Иванович,26,июля,1955,http://www.duma.gov.ru/upload/iblock/169/169e5a2049dc40383e57dcb5fee4c95e.jpg,1756914,99112779
GD,Качкаев,Павел,Рюрикович,4,октября,1951,http://www.duma.gov.ru/upload/iblock/e6d/e6d3ba4b9a3f608c21b0e72c7a284aeb.jpg,1756680,99111855
GD,Кашин,Владимир,Иванович,10,августа,1948,http://www.duma.gov.ru/upload/iblock/7aa/7aa888c30eb86a33719355b82e7001d7.jpg,1756679,99110050
GD,Квитка,Иван,Иванович,4,мая,1967,http://www.duma.gov.ru/upload/iblock/274/2749e26182112b23b9d0eb5ca8f2e33c.jpg,1756678,99110982
GD,Кидяев,Виктор,Борисович,9,июля,1956,http://www.duma.gov.ru/upload/iblock/5cb/5cbb670b7ed6425767a48b264286a1f1.jpg,1756677,99111399
GD,Клыканов,Александр,Борисович,5,февраля,1953,http://www.duma.gov.ru/upload/iblock/f4f/f4f373765f611845c47f0bbd53d32ccb.jpg,1756915,99112780
GD,Кобзев,Юрий,Викторович,20,декабря,1972,http://www.duma.gov.ru/upload/iblock/c03/c034afc352c8c8fdf6b603a2e0ac2bdc.jpg,1756917,99112781
GD,Кобзон,Иосиф,Давыдович,11,сентября,1937,http://www.duma.gov.ru/upload/iblock/4c0/4c043cc9d754bc01dedbc3396a4e9fe9.jpg,1756676,99102913
GD,Кобилев,Алексей,Геннадьевич,26,августа,1959,http://www.duma.gov.ru/upload/iblock/bb4/bb4b4deb4d7ac2ed0f4d354dea936353.jpg,1756918,99112922
GD,Ковалев,Николай,Дмитриевич,6,августа,1949,http://www.duma.gov.ru/upload/iblock/86c/86c284f0a03105fe45d68c5fb620c36c.jpg,1756991,99100733
GD,Ковпак,Лев,Игоревич,23,октября,1978,http://www.duma.gov.ru/upload/iblock/93d/93dae714c58491a9aedea72181b9afc8.jpg,1756957,99112782
GD,Когогина,Альфия,Гумаровна,22,февраля,1968,http://www.duma.gov.ru/upload/iblock/afb/afb091faef6d388d46b624f15ff79137.jpg,1756675,99111859
GD,Козенко,Андрей,Дмитриевич,3,августа,1981,http://www.duma.gov.ru/upload/iblock/5dd/5dd56d6b6b5f3ddfb971e783f1e4c328.jpg,1756920,99112783
GD,Козловский,Александр,Николаевич,5,мая,1973,http://www.duma.gov.ru/upload/iblock/e09/e098669b81ff1e51879e87ebd280d0e8.jpg,1756921,99112784
GD,Колесников,Олег,Алексеевич,11,сентября,1968,http://www.duma.gov.ru/upload/iblock/d26/d26b76a0ed48e64c8af34f1919a4f074.jpg,1756974,99110985
GD,Колесникова,Надежда,Борисовна,19,декабря,1960,http://www.duma.gov.ru/upload/iblock/862/862ffc4cbfc8cdb05c2d92938c15b473.jpg,1756922,99112786
GD,Коломейцев,Николай,Васильевич,1,сентября,1956,http://www.duma.gov.ru/upload/iblock/d95/d95b8e0aa272b46524764dcc4e6faeff.jpg,1756674,99103008
GD,Кононов,Владимир,Михайлович,13,марта,1958,http://www.duma.gov.ru/upload/iblock/19a/19ae569934846cd691dca428a3a25ddb.jpg,1756673,99112011
GD,Корниенко,Алексей,Викторович,22,июля,1976,http://www.duma.gov.ru/upload/iblock/364/3646132dda542075a4c446bcb35d0cbc.jpg,1756672,99110990
GD,Коровников,Александр,Венидиктович,30,апреля,1955,http://www.duma.gov.ru/upload/iblock/3cc/3cc79fdbef3cb55800b7c63e21696855.jpg,1756671,99103130
GD,Костенко,Наталья,Васильевна,9,августа,1980,http://www.duma.gov.ru/upload/iblock/259/259a5f569624e8f89ab0854602669837.jpg,1756923,99112787
GD,Косяненко,Евгений,Викторович,29,августа,1963,http://www.duma.gov.ru/upload/iblock/dd8/dd8c24334d1992fa345dadf5ac87f92c.jpg,1756925,99112788
GD,Коткин,Сергей,Николаевич,11,марта,1956,http://www.duma.gov.ru/upload/iblock/4a7/4a729c70342a2d4b57b39accb9081650.jpg,1756997,99112432
GD,Кравец,Александр,Алексеевич,31,января,1950,http://www.duma.gov.ru/upload/iblock/b47/b47d4c851979cf86b387109920a2bdd4.jpg,1756670,99103226
GD,Кравченко,Денис,Борисович,17,апреля,1976,http://www.duma.gov.ru/upload/iblock/9e6/9e65c47c58c0ae3289661a63b21961e5.jpg,1756927,99109598
GD,Красноштанов,Алексей,Николаевич,10,июня,1963,http://www.duma.gov.ru/upload/iblock/ced/ced7958f698784c31ae0c8e965d6a40b.jpg,1756929,99112789
GD,Красов,Андрей,Леонидович,27,января,1967,http://www.duma.gov.ru/upload/iblock/4e4/4e46a5a0a2262209e8934b623e81cb37.jpg,1756955,99112015
GD,Крашенинников,Павел,Владимирович,21,июня,1964,http://www.duma.gov.ru/upload/iblock/ddf/ddfa19b434b327fed05da382a6d1e31f.jpg,1756669,99100761
GD,Кривоносов,Сергей,Владимирович,29,мая,1971,http://www.duma.gov.ru/upload/iblock/b23/b235ca684903663c93d9b08abc93d454.jpg,1756930,99111867
GD,Крупенников,Владимир,Александрович,1,сентября,1969,http://www.duma.gov.ru/upload/iblock/0c1/0c15274ec846ffb036ff7941090f77f5.jpg,1756668,99111733
GD,Крючек,Сергей,Иванович,25,июля,1963,http://www.duma.gov.ru/upload/iblock/ca1/ca13397839940267aad6d449d9b0f0af.jpg,1756932,99112790
GD,Кувшинова,Наталья,Сергеевна,3,июня,1986,http://www.duma.gov.ru/upload/iblock/0ad/0adea3857f698e2e567c9c44e52b1fed.jpg,1756934,99112915
GD,Кувычко,Анна,Александровна,26,июня,1979,http://www.duma.gov.ru/upload/iblock/f37/f37999da67e3d224379246c81c6fde35.jpg,1756944,99112791
GD,Кудрявцев,Максим,Георгиевич,29,августа,1975,http://www.duma.gov.ru/upload/iblock/ed4/ed4ab0e912c63872a4045f3bd2129c10.jpg,1756989,99112792
GD,Кузьмин,Михаил,Владимирович,5,августа,1955,http://www.duma.gov.ru/upload/iblock/f50/f50af5ade6e9a9f848070099711013dd.jpg,1756939,99112794
GD,Кулиева,Василина,Васильевна,20,ноября,1981,http://www.duma.gov.ru/upload/iblock/8b8/8b8f12d6929b6a87eaaf393cf6e82515.jpg,1756667,99111873
GD,Кулик,Геннадий,Васильевич,20,января,1935,http://www.duma.gov.ru/upload/iblock/20f/20fea0a6a984297ae47d5354ce10861e.jpg,1756666,99100225
GD,Курдюмов,Александр,Борисович,26,ноября,1967,http://www.duma.gov.ru/upload/iblock/0da/0daa12ca124391b198e7137d814ee9ff.jpg,1756665,99100550
GD,Куринный,Алексей,Владимирович,18,января,1974,http://www.duma.gov.ru/upload/iblock/221/22184a87a2386201f0010186e8ac2214.jpg,1756960,99112795
GD,Лавриненко,Алексей,Федорович,20,августа,1955,http://www.duma.gov.ru/upload/iblock/820/820dc56b186211eecb5389861c330785.jpg,1756941,99112796
GD,Лавров,Олег,Леонидович,27,апреля,1965,http://www.duma.gov.ru/upload/iblock/e1b/e1b2083135fc8843d3503a3302c3f80d.jpg,1756664,99109600
GD,Ламейкин,Дмитрий,Викторович,27,февраля,1977,http://www.duma.gov.ru/upload/iblock/9e6/9e67bc4e6f009adcba74f2f387093504.jpg,1756940,99112797
GD,Лебедев,Игорь,Владимирович,27,сентября,1972,http://www.duma.gov.ru/upload/iblock/d0c/d0cba3212cddf2b1af0f7a73b26a7a69.jpg,1756663,99100750
GD,Лебедев,Олег,Александрович,12,октября,1976,http://www.duma.gov.ru/upload/iblock/fbe/fbe46c550a476b74f8138b5039055600.jpg,1756662,99112037
GD,Левин,Леонид,Леонидович,2,сентября,1974,http://www.duma.gov.ru/upload/iblock/a45/a453f0574c4a96d8c138fcb8614632c0.jpg,1756661,99111880
GD,Левицкий,Юрий,Андреевич,15,октября,1961,http://www.duma.gov.ru/upload/iblock/524/524ddad7b67badd2d790d98e0e1b1de0.jpg,1756938,99112798
GD,Ледков,Григорий,Петрович,26,марта,1969,http://www.duma.gov.ru/upload/iblock/19e/19eb4c2a16c838b224f5c22b36d3db63.jpg,1756660,99112035
GD,Литовченко,Анатолий,Григорьевич,1,января,1960,http://www.duma.gov.ru/upload/iblock/29e/29eef03736ff2d24ce83e5b93d8ba7a6.jpg,1756937,99112799
GD,Лоор,Иван,Иванович,11,декабря,1955,http://www.duma.gov.ru/upload/iblock/0dc/0dcf981f8de6d3e1fc7556a506e24837.jpg,1756936,99112800
GD,Луговой,Андрей,Константинович,19,сентября,1966,http://www.duma.gov.ru/upload/iblock/f83/f838b7b44340391776cfe31e79f179b7.jpg,1756659,99110999
GD,Лысаков,Вячеслав,Иванович,10,ноября,1953,http://www.duma.gov.ru/upload/iblock/786/7861feca044bc9642976dc2282dc2950.jpg,1756658,99111883
GD,Лященко,Алексей,Вадимович,3,сентября,1974,http://www.duma.gov.ru/upload/iblock/aa6/aa6c1aca3a542e1d393940d95696eb63.jpg,1756933,99112802
GD,Маграмов,Абдулмажид,Варисович,11,ноября,1956,http://www.duma.gov.ru/upload/iblock/87f/87fcd31d97708de63c5cb0ee436651ed.jpg,1756931,99112803
GD,Макаров,Андрей,Михайлович,22,июля,1954,http://www.duma.gov.ru/upload/iblock/044/0444341e4e2b9f29562836d6e8e26de5.jpg,1756657,99100248
GD,Макиев,Зураб,Гайозович,30,сентября,1976,http://www.duma.gov.ru/upload/iblock/f72/f725e88079ed1904f3f44cf39a4fc814.jpg,1756926,99112483
GD,Максимов,Александр,Александрович,15,ноября,1946,http://www.duma.gov.ru/upload/iblock/39b/39bdaea1e6d3643cf9fd7bebdba60349.jpg,1756924,99112805
GD,Максимов,Василий,Юрьевич,28,января,1954,http://www.duma.gov.ru/upload/iblock/42f/42f030eda2e3474435da406a743f67a6.jpg,1756656,99112039
GD,Максимова,Надежда,Сергеевна,13,января,1942,http://www.duma.gov.ru/upload/iblock/a56/a563734a640b530097b17ba2dc259265.jpg,1756655,99109956
GD,Максимова,Светлана,Викторовна,16,июля,1961,http://www.duma.gov.ru/upload/iblock/dd0/dd078424d1c596d35e607c0d57e19fa6.jpg,1756973,99111888
GD,Марданшин,Рафаэль,Мирхатимович,24,декабря,1961,http://www.duma.gov.ru/upload/iblock/48d/48d798d3b74c412e45079a5dc5d6e564.jpg,1756654,99111892
GD,Маринин,Сергей,Владимирович,4,ноября,1971,http://www.duma.gov.ru/upload/iblock/e6c/e6c42faea7996853234cd6899234354e.jpg,1756653,99111893
GD,Марков,Андрей,Павлович,30,июня,1972,http://www.duma.gov.ru/upload/iblock/633/633ef6adfa93eea999ab8e09eb4da14a.jpg,1756988,99112806
GD,Марченко,Евгений,Евгеньевич,17,июля,1972,http://www.duma.gov.ru/upload/iblock/f43/f43ff78bdb76e8509f5060faa21e92fe.jpg,1756919,99112807
GD,Марьяш,Ирина,Евгеньевна,15,июня,1967,http://www.duma.gov.ru/upload/iblock/8be/8beba09a8d6df8d544078e5b840616ba.jpg,1756916,99112926
GD,Медведев,Иван,Владимирович,10,февраля,1955,http://www.duma.gov.ru/upload/iblock/a77/a773435aae010d829ded1e5b59a7412d.jpg,1756913,99112808
GD,Мельник,Владимир,Иванович,3,января,1963,http://www.duma.gov.ru/upload/iblock/3b3/3b38dde0ec5e18932fa790ddb0f2eb09.jpg,1756911,99112809
GD,Мельников,Иван,Иванович,7,августа,1950,http://www.duma.gov.ru/upload/iblock/8e0/8e0fff30f5b9d2569931f9376db7ee0a.jpg,1756652,99104023
GD,Милонов,Виталий,Валентинович,23,января,1974,http://www.duma.gov.ru/upload/iblock/f80/f809c75fb8f9db84fbea6c0005e0b251.jpg,1756966,99112810
GD,Минкин,Иршат,Султанович,27,июля,1963,http://www.duma.gov.ru/upload/iblock/ba8/ba8aa3546b91648c0171d91d7bd5a66c.jpg,1756909,99112811
GD,Миронов,Сергей,Михайлович,14,февраля,1953,http://www.duma.gov.ru/upload/iblock/380/380d9cfa14a715ad31d4dd5554dd512b.jpg,1756650,99107891
GD,Миронова,Валентина,Михайловна,6,февраля,1966,http://www.duma.gov.ru/upload/iblock/5dd/5dd664825c8641a31d8f0f053cb86df7.jpg,1756905,99112812
GD,Митина,Елена,Анатольевна,16,августа,1966,http://www.duma.gov.ru/upload/iblock/114/114d2d60bdeaebfd52a60875753992de.jpg,1756649,99112649
GD,Мищеряков,Юрий,Николаевич,1,января,1945,http://www.duma.gov.ru/upload/iblock/77e/77e44c098855f776b1b2d80529723c51.jpg,1756903,99112813
GD,Морозов,Антон,Юрьевич,24,февраля,1972,http://www.duma.gov.ru/upload/iblock/973/973f02e06a8a6646c1824b44065b454a.jpg,1756648,99109798
GD,Морозов,Дмитрий,Анатольевич,5,мая,1971,http://www.duma.gov.ru/upload/iblock/c62/c62f9ed695e93c80b69dd97199b7d1c5.jpg,1756901,99112814
GD,Москвин,Денис,Павлович,11,августа,1978,http://www.duma.gov.ru/upload/iblock/f2d/f2d4e34a7d5688be542599aeefa5a796.jpg,1756951,99112815
GD,Москвичев,Евгений,Сергеевич,28,сентября,1957,http://www.duma.gov.ru/upload/iblock/502/502256e9bd7b124e4c1b85c2ef39fd1c.jpg,1756647,99111904
GD,Мукабенова,Марина,Алексеевна,20,марта,1982,http://www.duma.gov.ru/upload/iblock/20f/20fcb01a38f64023d02eb7487a1f0837.jpg,1756646,99111010
GD,Муцоев,Зелимхан,Аликоевич,13,октября,1959,http://www.duma.gov.ru/upload/iblock/41a/41a87aee377fa63fb0d97b1e58f3580e.jpg,1756645,99100781
GD,Назарова,Наталья,Васильевна,22,декабря,1953,http://www.duma.gov.ru/upload/iblock/fa3/fa34906b955a7d60181aad18e05b7460.jpg,1756898,99112912
GD,Напсо,Юрий,Аисович,17,апреля,1973,http://www.duma.gov.ru/upload/iblock/908/9083b64a8e026088364878abe73e4f0c.jpg,1756644,99111015
GD,Натаров,Сергей,Васильевич,26,декабря,1968,http://www.duma.gov.ru/upload/iblock/658/65889c2ad9f127e54dd4829a73f61ca4.jpg,1756896,99112816
GD,Неверов,Сергей,Иванович,21,декабря,1961,http://www.duma.gov.ru/upload/iblock/31e/31e6ed470bd5a181fe4d32286af65a1b.jpg,1756959,99100713
GD,Некрасов,Александр,Николаевич,20,июня,1963,http://www.duma.gov.ru/upload/iblock/3de/3de6da346de1c5b81c15b3a93be84e75.jpg,1756643,99111909
GD,Николаев,Николай,Петрович,2,апреля,1970,http://www.duma.gov.ru/upload/iblock/a2e/a2ee13e2e5bc2c07f8f79dad0b52c2e3.jpg,1756894,99112817
GD,Николаев,Олег,Алексеевич,10,декабря,1969,http://www.duma.gov.ru/upload/iblock/5f8/5f837b46170c62fff2454a3646632a73.jpg,1756893,99112818
GD,Николаева,Виктория,Викторовна,21,ноября,1962,http://www.duma.gov.ru/upload/iblock/219/219e9a7a25808ec0b45ef67096b292e1.jpg,1756891,99112819
GD,Никонов,Вячеслав,Алексеевич,5,июня,1956,http://www.duma.gov.ru/upload/iblock/4d9/4d9c35614840d013c015a90f3752314f.jpg,1756642,99100295
GD,Нилов,Олег,Анатольевич,8,мая,1962,http://www.duma.gov.ru/upload/iblock/e7e/e7ef002b889e29047d999bc65b12e583.jpg,1756641,99111912
GD,Нилов,Ярослав,Евгеньевич,20,марта,1982,http://www.duma.gov.ru/upload/iblock/014/014b3a2537f40b07e215acc5a24f315e.jpg,1756640,99110213
GD,Новиков,Владимир,Михайлович,9,июня,1966,http://www.duma.gov.ru/upload/iblock/c3c/c3c2fc4df69f8534376652e639df4443.jpg,1756888,99112820
GD,Новиков,Дмитрий,Георгиевич,12,сентября,1969,http://www.duma.gov.ru/upload/iblock/d78/d786dbb4bab86e65097654ffa7e2307c.jpg,1756639,99111018
GD,Носов,Александр,Алексеевич,14,мая,1971,http://www.duma.gov.ru/upload/iblock/49f/49fa2de8b6f461c0613b00e277791320.jpg,1756887,99112821
GD,Огуль,Леонид,Анатольевич,26,октября,1963,http://www.duma.gov.ru/upload/iblock/d15/d15227eceaedfae3fe00bf7b3c1cbede.jpg,1756638,99112105
GD,Окунева,Ольга,Владимировна,10,декабря,1958,http://www.duma.gov.ru/upload/iblock/ea0/ea0a73bb6da79ff1fcba557a48f61b77.jpg,1756885,99112822
GD,Олейников,Юрий,Павлович,13,июля,1951,http://www.duma.gov.ru/upload/iblock/ff5/ff5ab7b911d825f6b36b8844ed2a0021.jpg,1756882,99112823
GD,Омаров,Гаджимурад,Заирбекович,23,февраля,1962,http://www.duma.gov.ru/upload/iblock/57b/57bc5e66bfcceced06f15f62090e3dd0.jpg,1756637,99100790
GD,Онищенко,Геннадий,Григорьевич,20,ноября,1950,http://www.duma.gov.ru/upload/iblock/e30/e30620e6d55e505e096489539c83494a.jpg,1756881,99112824
GD,Ооржак,Мерген,Дадар-Оолович,9,марта,1981,http://www.duma.gov.ru/upload/iblock/562/56298f0cbcb815ca911149142915a6b9.jpg,1756878,99112573
GD,Осадчий,Николай,Иванович,8,декабря,1957,http://www.duma.gov.ru/upload/iblock/f0d/f0df08ea7e3669ac70dd3bda1d3ee557.jpg,1757000,99112938
GD,Осипов,Илья,Владимирович,14,июня,1970,http://www.duma.gov.ru/upload/iblock/40e/40ecd90b9677eba72c29a41988dc906c.jpg,1756874,99112825
GD,Павлова,Ольга,Ивановна,18,мая,1965,http://www.duma.gov.ru/upload/iblock/900/900f91042c3c891bec6c042145e01217.jpg,1756872,99112919
GD,Палкин,Андрей,Васильевич,3,марта,1958,http://www.duma.gov.ru/upload/iblock/d3b/d3b69458dd229ef5d0dcdc3a116aaf06.jpg,1756870,99112826
GD,Панина,Елена,Владимировна,29,апреля,1948,http://www.duma.gov.ru/upload/iblock/34f/34f4bc89fd0cd518b8fdefc56e9ff7a1.jpg,1756996,99104631
GD,Панков,Николай,Васильевич,5,января,1965,http://www.duma.gov.ru/upload/iblock/41c/41cc61f49eaf5945ad7f87092bb90956.jpg,1756636,99110102
GD,Панов,Владимир,Александрович,10,октября,1975,http://www.duma.gov.ru/upload/iblock/52b/52bd08e615c456669ac547d8bb657dbc.jpg,1756985,99112827
GD,Пантелеев,Сергей,Михайлович,4,июля,1951,http://www.duma.gov.ru/upload/iblock/6ee/6ee67eafd0cccc590eef5629590c9e1b.jpg,1756866,99112828
GD,Парфенов,Денис,Андреевич,22,сентября,1987,http://www.duma.gov.ru/upload/iblock/a21/a21b1e50da0685d1666306de01003fb9.jpg,1756864,99112829
GD,Пахомов,Сергей,Александрович,6,августа,1975,http://www.duma.gov.ru/upload/iblock/764/764fc299bba3629f0b1b38fd530c7c13.jpg,1756862,99112830
GD,Пашин,Виталий,Львович,30,августа,1981,http://www.duma.gov.ru/upload/iblock/c2b/c2bb7b4b0c8b081fad1b5cb38dbebf3c.jpg,1756859,99112831
GD,Перминов,Дмитрий,Сергеевич,3,апреля,1979,http://www.duma.gov.ru/upload/iblock/b47/b4706e2bc782da82b43f115d5b6c6b39.jpg,1756857,99112832
GD,Петров,Александр,Петрович,21,мая,1958,http://www.duma.gov.ru/upload/iblock/e79/e79318918bf871b508c10ea6c8e3dacc.jpg,1756635,99111920
GD,Петров,Анатолий,Ильич,15,февраля,1956,http://www.duma.gov.ru/upload/iblock/55b/55b5d18e7c5da34423ca07da4afe196a.jpg,1756968,99112935
GD,Петров,Сергей,Валериевич,19,апреля,1965,http://www.duma.gov.ru/upload/iblock/4eb/4eb36614d356442a9082961153dadb9e.jpg,1756634,99111028
GD,Петров,Юрий,Александрович,10,апреля,1947,http://www.duma.gov.ru/upload/iblock/6bd/6bdbe473e1d422dd0db206ecbe25fa8b.jpg,1756854,Not found
GD,Петрунин,Николай,Юрьевич,27,февраля,1976,http://www.duma.gov.ru/upload/iblock/12b/12be15c9ad92729efa32da299558f1eb.jpg,1756853,99112834
GD,Пивненко,Валентина,Николаевна,14,июня,1947,http://www.duma.gov.ru/upload/iblock/c6e/c6e6741a6cfa6646ea7d5279bd562b42.gif,1756972,99107708
GD,Пилюс,Наталия,Николаевна,10,октября,1953,http://www.duma.gov.ru/upload/iblock/5f9/5f94bffc9cca17aee8ff2d659cdf414a.jpg,1876473,99113040
GD,Пимашков,Петр,Иванович,2,июля,1948,http://www.duma.gov.ru/upload/iblock/4b4/4b4b363710cd709f5b9f723145d7b364.jpg,1756633,99111922
GD,Пинский,Виктор,Витальевич,6,февраля,1964,http://www.duma.gov.ru/upload/iblock/6de/6def272d86dd78763b0595a7900d6488.jpg,1756632,99112031
GD,Пирог,Дмитрий,Юрьевич,27,июня,1980,http://www.duma.gov.ru/upload/iblock/af0/af0f9ed4647ead32e67837984100e42e.jpg,1876474,99113039
GD,Пискарев,Василий,Иванович,8,ноября,1963,http://www.duma.gov.ru/upload/iblock/9ca/9ca242b3cc905bc8db602d56463e807f.jpg,1756851,99112835
GD,Плетнева,Тамара,Васильевна,22,ноября,1947,http://www.duma.gov.ru/upload/iblock/37e/37ef762f47a8657882532406dc5ef0b5.jpg,1756631,99100315
GD,Плотников,Владимир,Николаевич,30,ноября,1961,http://www.duma.gov.ru/upload/iblock/3e3/3e37a774b49a822cd5e63342c37d4e2d.jpg,1756630,99100316
GD,Поздняков,Владимир,Георгиевич,30,июня,1946,http://www.duma.gov.ru/upload/iblock/55e/55edd9c84cdcbf0c036b867f0e26ae0e.jpg,1756629,99109895
GD,Поклонская,Наталья,Владимировна,18,марта,1980,http://www.duma.gov.ru/upload/iblock/7cd/7cd2da54374e4a62746c04fd81a4756c.jpg,1756848,99112929
GD,Поляков,Александр,Алексеевич,31,января,1969,http://www.duma.gov.ru/upload/iblock/5dc/5dc66f519e5ff6795c08e859288a422e.jpg,1756994,99112837
GD,Пономарёв,Алексей,Алексеевич,22,марта,1942,http://www.duma.gov.ru/upload/iblock/766/766b877dd7d458405b279e758e00eb16.jpg,1756847,99100319
GD,Пономарев,Аркадий,Николаевич,16,мая,1956,http://www.duma.gov.ru/upload/iblock/16a/16a0fc77586194adb52234d8e7b09a82.jpg,1756628,99112242
GD,Прокопьев,Александр,Сергеевич,5,августа,1986,http://www.duma.gov.ru/upload/iblock/619/619876aa9c55c9101ff6d42b6f34de61.jpg,1756627,99111929
GD,Пушкарев,Владимир,Александрович,22,февраля,1973,http://www.duma.gov.ru/upload/iblock/464/46411ed0304c685579650d90d4295a30.jpg,1756845,99112917
GD,Пушкина,Оксана,Викторовна,10,мая,1963,http://www.duma.gov.ru/upload/iblock/228/2286a494a74f0687e85b5b6b2125fa0a.jpg,1756844,99112839
GD,Пятикоп,Александр,Иванович,14,декабря,1962,http://www.duma.gov.ru/upload/iblock/c13/c130867b6e8fe7e28b3906111b97c58e.jpg,1756842,99112840
GD,Рахматуллина,Зугура,Ягануровна,26,августа,1961,http://www.duma.gov.ru/upload/iblock/6e7/6e77fc2a125225e2a14a42910a57314b.JPG,1756626,99111930
GD,Рашкин,Валерий,Федорович,14,марта,1955,http://www.duma.gov.ru/upload/iblock/e55/e553d41aa970c52122577039428ee82f.jpg,1756625,99100601
GD,Ревенко,Евгений,Васильевич,22,мая,1972,http://www.duma.gov.ru/upload/iblock/d77/d7700f4ee3dcbf8c4cba36cad7f5dc7a.jpg,1756841,99112841
GD,Резник,Владислав,Матусович,17,мая,1954,http://www.duma.gov.ru/upload/iblock/c7a/c7a3d0f66c12f33a0a8be2b196bbe899.jpg,1756624,99100886
GD,Ремезков,Александр,Александрович,7,апреля,1962,http://www.duma.gov.ru/upload/iblock/98a/98a567688b115af1eb181c300ebc4678.jpg,1756623,99112003
GD,Ресин,Владимир,Иосифович,21,февраля,1936,http://www.duma.gov.ru/upload/iblock/5fd/5fd8df2b62253f502c701ab7d465b15c.jpg,1756622,99111931
GD,Решульский,Сергей,Николаевич,21,сентября,1951,http://www.duma.gov.ru/upload/iblock/880/88002f222ef7a44a14532307f72f9cf1.jpg,1756621,Not found
GD,Роднина,Ирина,Константиновна,12,сентября,1949,http://www.duma.gov.ru/upload/iblock/7f2/7f291b53a717ee7e4d07f050aad07db4.jpg,1756948,99111035
GD,Романенко,Роман,Юрьевич,9,августа,1971,http://www.duma.gov.ru/upload/iblock/4fc/4fc0c75db8800a97c8c424c78fd20e68.jpg,1756620,99112642
GD,Романов,Михаил,Валентинович,3,ноября,1984,http://www.duma.gov.ru/upload/iblock/883/883410a507987d252d8214168ccd7523.jpg,1756983,99112842
GD,Рудченко,Валентина,Васильевна,26,апреля,1955,http://www.duma.gov.ru/upload/iblock/b63/b63ca69b4fdafa90cee8f8d63284048a.jpg,1756838,99112843
GD,Русских,Алексей,Юрьевич,17,июля,1968,http://www.duma.gov.ru/upload/iblock/f79/f79472aad3a849ffdc1fa982f779a2c9.jpg,1756836,99111037
GD,Рыжак,Николай,Иванович,5,июля,1945,http://www.duma.gov.ru/upload/iblock/515/515545ebc5cee83e43d74541eb6266be.jpg,1756834,99112844
GD,Саблин,Дмитрий,Вадимович,5,сентября,1968,http://www.duma.gov.ru/upload/iblock/c4d/c4d4ad7f9daa6bcf04566ce6b0154fe2.jpg,1756619,99109963
GD,Савастьянова,Ольга,Викторовна,5,апреля,1960,http://www.duma.gov.ru/upload/iblock/8f8/8f8be3b1aea55c6b41567fdec31bd524.jpg,1756832,99112845
GD,Савельев,Дмитрий,Иванович,25,мая,1971,http://www.duma.gov.ru/upload/iblock/e82/e82f7ea60c8b9486c8f7c32f113a8ae0.jpg,1756618,99111936
GD,Савицкая,Светлана,Евгеньевна,8,августа,1948,http://www.duma.gov.ru/upload/iblock/4ee/4ee611badc40cf839e93e0d9647a11b5.jpg,1756617,99105318
GD,Савченко,Светлана,Борисовна,24,июня,1965,http://www.duma.gov.ru/upload/iblock/702/702bc5f40e8dd45f7d28ecd965dd26ca.jpg,1756829,99112847
GD,Сазонов,Дмитрий,Валерьевич,4,сентября,1973,http://www.duma.gov.ru/upload/iblock/9b4/9b4937e54b654a7d9fcd7b42963ed385.jpg,1756827,99112848
GD,Сайтиев,Бувайса,Хамидович,11,марта,1975,http://www.duma.gov.ru/upload/iblock/c2a/c2a7d274fff6ca1fd67c7496a430f59e.jpg,1756824,99112923
GD,Санина,Наталья,Петровна,20,июля,1954,http://www.duma.gov.ru/upload/iblock/82e/82ed00e94aaa3e8f95cf5ec95dda1f8e.jpg,1756822,99112849
GD,Сапко,Игорь,Вячеславович,13,июля,1966,http://www.duma.gov.ru/upload/iblock/413/413e2fab29e1e2e0e418b26ac4f16d9d.jpg,1756821,99112850
GD,Сапрыкина,Татьяна,Васильевна,8,мая,1968,http://www.duma.gov.ru/upload/iblock/be8/be8d53bd26091189dc67c2e359a93f7d.jpg,1756820,99112851
GD,Саралиев,Шамсаил,Юнусович,5,ноября,1973,http://www.duma.gov.ru/upload/iblock/a54/a545c9c4d96342bef300736fda00e320.jpg,1756616,99112001
GD,Сафаралиев,Гаджимет,Керимович,26,июня,1950,http://www.duma.gov.ru/upload/iblock/a15/a15dd4f65b366875b01917ff37556a20.jpg,1756615,99100888
GD,Сафин,Марат,Мубинович,27,января,1980,http://www.duma.gov.ru/upload/iblock/f8b/f8bee925c19e55923be8734247c28ba6.jpg,1756614,Not found
GD,Свинцов,Андрей,Николаевич,12,ноября,1978,http://www.duma.gov.ru/upload/iblock/eaa/eaa00d9f9ba8d8ebb22b234c5bc0569f.jpg,1756613,99111939
GD,Свищев,Дмитрий,Александрович,22,мая,1969,http://www.duma.gov.ru/upload/iblock/a02/a026340e7c66fd6fadb2318d52c7cae2.jpg,1756612,99111048
GD,Селезнев,Валерий,Сергеевич,5,сентября,1964,http://www.duma.gov.ru/upload/iblock/e3e/e3ec089432a26d1ef32e5212f0ad49b7.jpg,1756611,99111049
GD,Селиверстов,Виктор,Валентинович,2,августа,1954,http://www.duma.gov.ru/upload/iblock/5e6/5e692e197ea049ff64b7c1d51d047783.jpg,1756819,99112852
GD,Селимханов,Магомед,Саламович,31,января,1976,http://www.duma.gov.ru/upload/iblock/14a/14ab7904e0dc82d7579186f556092121.jpg,1756610,99112000
GD,Серова,Елена,Олеговна,22,апреля,1976,http://www.duma.gov.ru/upload/iblock/2e6/2e62e2ed573ab2b7961974dd5dadf12f.jpg,1756949,99112853
GD,Серпер,Евгений,Александрович,31,июля,1980,http://www.duma.gov.ru/upload/iblock/1fe/1fe4233cc49f50635f64046681edc65e.jpg,1756956,99112854
GD,Сибагатуллин,Фатих,Саубанович,1,мая,1950,http://www.duma.gov.ru/upload/iblock/0ca/0ca0943590b573b22fbe7c791b1415c5.jpg,1756609,99111054
GD,Сидоров,Александр,Леонидович,15,марта,1952,http://www.duma.gov.ru/upload/iblock/fe8/fe830ec5dbffff8d21b6f9d5d97ac4ac.jpg,1756967,99112855
GD,Сидякин,Александр,Геннадьевич,17,ноября,1977,http://www.duma.gov.ru/upload/iblock/598/5988a49e9a48af6ad7ddd7927eef32da.jpg,1756608,99109163
GD,Силанов,Алексей,Николаевич,15,апреля,1961,http://www.duma.gov.ru/upload/iblock/705/705c0108c7f467a630e7772652649423.jpg,1756815,99112856
GD,Симановский,Леонид,Яковлевич,19,июля,1949,http://www.duma.gov.ru/upload/iblock/70e/70e1efdc5cfef59671196965544de97a.jpg,1756607,99110096
GD,Синельщиков,Юрий,Петрович,26,сентября,1947,http://www.duma.gov.ru/upload/iblock/49d/49d3118196a909bcdf98cd971c39f675.jpg,1756606,99111945
GD,Синяговский,Владимир,Ильич,9,августа,1948,http://www.duma.gov.ru/upload/iblock/f73/f736d40f9acfb5444bb6a6545deaedd7.jpg,1756812,99112857
GD,Ситников,Алексей,Владимирович,19,июня,1971,http://www.duma.gov.ru/upload/iblock/7fc/7fc027b799105f61c4cb0d6ea0ab102f.jpg,1756971,99112685
GD,Скляр,Геннадий,Иванович,17,мая,1952,http://www.duma.gov.ru/upload/iblock/84f/84f7565ae55f50e412b70ca9e10364e7.jpg,1756946,99112858
GD,Скоч,Андрей,Владимирович,30,января,1966,http://www.duma.gov.ru/upload/iblock/899/8991c3e9c3225f432efb4903d50f682a.jpg,1756604,99100696
GD,Скриванов,Дмитрий,Станиславович,15,августа,1971,http://www.duma.gov.ru/upload/iblock/9c0/9c0275301d9706a8e3c894a10c991fa5.jpg,1756808,99112859
GD,Скруг,Валерий,Степанович,20,июня,1963,http://www.duma.gov.ru/upload/iblock/964/96461d35da1ee458b064b33c6e07353a.jpg,1756603,99111704
GD,Слуцкий,Леонид,Эдуардович,4,января,1968,http://www.duma.gov.ru/upload/iblock/d3d/d3da8458e6165be93fbc0a6c87c1c326.jpg,1756602,99100776
GD,Слыщенко,Константин,Григорьевич,9,марта,1965,http://www.duma.gov.ru/upload/iblock/843/84301dcde82fbd5f7ec76c41dcff0206.jpg,1756806,99112860
GD,Смирнов,Юрий,Валентинович,1,декабря,1952,http://www.duma.gov.ru/upload/iblock/14c/14c5d32dfb2a65231af95aaa2ee0155c.jpg,1756981,99110299
GD,Смолин,Олег,Николаевич,10,февраля,1952,http://www.duma.gov.ru/upload/iblock/139/1397c2d7c60762936d741bfc8df6c4c1.jpg,1756601,99105719
GD,Солнцева,Светлана,Юрьевна,4,апреля,1966,http://www.duma.gov.ru/upload/iblock/3be/3be78a5031f25b3addfb9a32ffb65b0d.jpg,1756804,99112577
GD,Соломатина,Татьяна,Васильевна,21,апреля,1956,http://www.duma.gov.ru/upload/iblock/235/2351df8df4194ef09eca30d3804afd0e.jpg,1756803,99112861
GD,Сопчук,Сергей,Андреевич,16,февраля,1964,http://www.duma.gov.ru/upload/iblock/61d/61d2fecb61de5f6ebb12964fd634c50a.jpg,1756801,99112862
GD,Станкевич,Игорь,Валентинович,31,августа,1958,http://www.duma.gov.ru/upload/iblock/1f3/1f3284062f75a9594bb757c229017f7e.jpg,1756800,99112863
GD,Старовойтов,Александр,Сергеевич,28,января,1972,http://www.duma.gov.ru/upload/iblock/fa8/fa89f32cd32f1977d20909d653398a1a.jpg,1756600,99111948
GD,Старшинов,Михаил,Евгеньевич,12,декабря,1971,http://www.duma.gov.ru/upload/iblock/295/2956265d9f3c94f8ef32be9fb7ea1ae3.jpg,1756799,99111057
GD,Строкова,Елена,Викторовна,17,февраля,1976,http://www.duma.gov.ru/upload/iblock/292/292335635e71c6cbde992737d63a8081.jpg,1756599,99100972
GD,Суббот,Валентин,Владимирович,26,апреля,1968,http://www.duma.gov.ru/upload/iblock/309/3091e89318ee15e4f42487d8f4c2dc98.jpg,1777615,99112979
GD,Сураев,Максим,Викторович,24,мая,1972,http://www.duma.gov.ru/upload/iblock/5b7/5b7e84065cf94acf1fce1a5ee7de62ad.jpg,1756798,99112864
GD,Сухарев,Иван,Константинович,10,июня,1978,http://www.duma.gov.ru/upload/iblock/774/774ca72312290de3a23304610a76052f.jpg,1756598,99111950
GD,Сухарев,Игорь,Николаевич,26,октября,1968,http://www.duma.gov.ru/upload/iblock/ea1/ea1ec271edcf86661a992ad2ad6a6557.jpg,1756797,99112865
GD,Сысоев,Владимир,Владимирович,21,июня,1973,http://www.duma.gov.ru/upload/iblock/ed3/ed3adb958aecdb87acd6c3dc5f909d55.jpg,1756597,99112652
GD,Таймазов,Артур,Борисович,20,июля,1979,http://www.duma.gov.ru/upload/iblock/9e3/9e309a4ad51b2acdf7fcdec07ece8b50.jpg,1756795,99112866
GD,Тайсаев,Казбек,Куцукович,12,февраля,1967,http://www.duma.gov.ru/upload/iblock/d49/d4957cf54d8af8c73d00a482b356aef4.jpg,1756596,99111951
GD,Тарасенко,Михаил,Васильевич,21,ноября,1947,http://www.duma.gov.ru/upload/iblock/c3f/c3f318a3a1ae0c5dfad6955f965784a2.jpg,1756595,99111061
GD,Тарасюк,Василий,Михайлович,10,октября,1948,http://www.duma.gov.ru/upload/iblock/ee5/ee554a16f65974ad03657bc2253fbefd.jpg,1756594,Not found
GD,Тен,Сергей,Юрьевич,25,августа,1976,http://www.duma.gov.ru/upload/iblock/c7f/c7f7bc568eeff2e510b527a721dc32c7.jpg,1756593,99112007
GD,Терентьев,Александр,Васильевич,1,января,1961,http://www.duma.gov.ru/upload/iblock/5b3/5b3e2b05d922f619fbd9e9d8c4991120.jpg,1756592,99111063
GD,Терентьев,Михаил,Борисович,14,мая,1970,http://www.duma.gov.ru/upload/iblock/e24/e2444b0505eab9e1d0b031d67372a89a.jpg,1756591,99111064
GD,Терешкова,Валентина,Владимировна,6,марта,1937,http://www.duma.gov.ru/upload/iblock/9fd/9fdf712f6974a5e2ad318f0a34213403.jpg,1756590,99112025
GD,Тетерин,Иван,Михайлович,12,января,1952,http://www.duma.gov.ru/upload/iblock/dc6/dc68cc17a7c86c96370f34d38e05b88b.jpg,1756980,99112867
GD,Тимофеева,Ольга,Викторовна,19,августа,1977,http://www.duma.gov.ru/upload/iblock/6ed/6edae9222538590ebdc8ed6876d2dee3.jpg,1756589,99112126
GD,Тихомиров,Анатолий,Федорович,7,мая,1956,http://www.duma.gov.ru/upload/iblock/dd3/dd383579e1eb8b771410e890ed163769.jpg,1756793,99112868
GD,Ткачев,Алексей,Николаевич,1,марта,1957,http://www.duma.gov.ru/upload/iblock/526/52666958a6076afe95e02580c2c4b50c.jpg,1756588,99109943
GD,Толстой,Петр,Олегович,20,июня,1969,http://www.duma.gov.ru/upload/iblock/5c1/5c150ab66d30ae2d648224c0a2b5d6b5.jpg,1756790,99112869
GD,Торощин,Игорь,Андреевич,9,декабря,1985,http://www.duma.gov.ru/upload/iblock/80b/80bbac9e166cc1079b32e6e4ecec69f3.jpg,1756788,99112870
GD,Третьяк,Владислав,Александрович,25,апреля,1952,http://www.duma.gov.ru/upload/iblock/89c/89cc14164af34272a5a0259e2fa1eb8c.jpg,1756587,99109957
GD,Тумусов,Федот,Семёнович,30,июня,1955,http://www.duma.gov.ru/upload/iblock/788/7880b4251467d0a6bb9d6569f7d53ead.jpg,1756586,99111067
GD,Туров,Артём,Викторович,1,марта,1984,http://www.duma.gov.ru/upload/iblock/7b8/7b8edd5c19e437f85eab30ab385c7514.jpg,1756585,99112650
GD,Тутова,Лариса,Николаевна,18,октября,1969,http://www.duma.gov.ru/upload/iblock/6a7/6a77af49a05b8f9dce0d9272bd92f029.jpg,1756953,99112871
GD,Умаханов,Умахан,Магомедгаджиевич,25,мая,1965,http://www.duma.gov.ru/upload/iblock/78c/78c8fa4df11df2b97052f83fd1c6bf06.jpg,1756584,99111992
GD,Фаррахов,Айрат,Закиевич,17,февраля,1968,http://www.duma.gov.ru/upload/iblock/44a/44a152c3cdbdbd83b726999c3b1e62b7.jpg,1756787,99112873
GD,Федоров,Евгений,Алексеевич,11,мая,1963,http://www.duma.gov.ru/upload/iblock/742/7424c07fa8dc238048fade89ba00d298.jpg,1756583,99100398
GD,Федяев,Павел,Михайлович,31,июля,1982,http://www.duma.gov.ru/upload/iblock/cf5/cf5e15ffb1c58838339a5509bc4ac9c4.jpg,1756582,99112009
GD,Фетисов,Вячеслав,Александрович,20,апреля,1958,http://www.duma.gov.ru/upload/iblock/851/851f763e515328251c3d953c09583395.jpg,1756784,99111374
GD,Фирюлин,Иван,Иванович,10,сентября,1954,http://www.duma.gov.ru/upload/iblock/805/805574f421124803d60225119ee73f43.jpg,1756783,99112874
GD,Фокин,Александр,Иванович,24,октября,1954,http://www.duma.gov.ru/upload/iblock/f5f/f5fb9e33670ceb67a48dfe852c2b8014.jpg,1756581,99110097
GD,Фролова,Тамара,Ивановна,2,ноября,1959,http://www.duma.gov.ru/upload/iblock/ba3/ba3ed49558acb3c21931cd403d5cf9b7.jpg,1756782,99112710
GD,Фургал,Сергей,Иванович,12,февраля,1970,http://www.duma.gov.ru/upload/iblock/e53/e53966d8ddee5011cf60af9943cebabb.jpg,1756970,99111071
GD,Хайров,Ринат,Шамильевич,22,июня,1964,http://www.duma.gov.ru/upload/iblock/959/95918ebb316eb2522c7a9961f1c924f1.jpg,1756580,99111961
GD,Хайруллин,Айрат,Назипович,1,августа,1970,http://www.duma.gov.ru/upload/iblock/b43/b43964c07971a1849b54e2616f80b029.jpg,1756579,99109928
GD,Харитонов,Николай,Михайлович,30,октября,1948,http://www.duma.gov.ru/upload/iblock/5e7/5e73e2f4086df00d9d938f62003af47e.jpg,1756578,99100407
GD,Харсиев,Алихан,Анатольевич,10,июня,1956,http://www.duma.gov.ru/upload/iblock/4b9/4b9a05c8656cb683f991c01196c07b6a.jpg,1756773,99112875
GD,Хасанов,Мурат,Русланович,10,декабря,1970,http://www.duma.gov.ru/upload/iblock/7a7/7a775dab7bda401cc810134527ec194c.jpg,1756772,99112927
GD,Хованская,Галина,Петровна,23,августа,1943,http://www.duma.gov.ru/upload/iblock/62b/62b18e8a3abfcaa612281222732a61af.jpg,1756577,99109949
GD,Хор,Глеб,Яковлевич,8,апреля,1963,http://www.duma.gov.ru/upload/iblock/3ca/3cafa70c6b537a16e6641bc85753c3de.jpg,1756576,99110089
GD,Хохлов,Алексей,Алексеевич,6,ноября,1957,http://www.duma.gov.ru/upload/iblock/729/72905d066974a3e54eff1078a4d016ba.jpg,1756978,99112876
GD,Хуснулин,Равиль,Камильевич,14,декабря,1957,http://www.duma.gov.ru/upload/iblock/e50/e50e3e55898dbb5b6ad45ad56cd81186.jpg,1756750,99112877
GD,Шайхутдинов,Рифат,Габдулхакович,23,декабря,1963,http://www.duma.gov.ru/upload/iblock/ba4/ba402b8e05cb49a4152b28330a096a49.jpg,1756569,99110033
GD,Шаккум,Мартин,Люцианович,21,сентября,1951,http://www.duma.gov.ru/upload/iblock/193/193b9e2b4cb9b479a6a308b5d598a8ed.jpg,1756568,99100654
GD,Шаманов,Владимир,Анатольевич,15,февраля,1957,http://www.duma.gov.ru/upload/iblock/371/3714eda6b2990fe73653d9905b63274d.jpg,1756738,99112711
GD,Шаргунов,Сергей,Александрович,12,мая,1980,http://www.duma.gov.ru/upload/iblock/3bc/3bcba1d8d1bc2d14a89336c85748e1d9.jpg,1756737,99112885
GD,Швыткин,Юрий,Николаевич,24,мая,1965,http://www.duma.gov.ru/upload/iblock/390/390ba1e117db9fd967577a1950f9f243.jpg,1756977,99112886
GD,Шеин,Олег,Васильевич,21,марта,1972,http://www.duma.gov.ru/upload/iblock/bc2/bc2e03420abae8572f713536d3b07c20.jpg,1756567,99100788
GD,Шеремет,Михаил,Сергеевич,23,мая,1971,http://www.duma.gov.ru/upload/iblock/cba/cba63ae6bc1b24ca20c154aeac230842.jpg,1756736,99112887
GD,Шерин,Александр,Николаевич,21,июня,1977,http://www.duma.gov.ru/upload/iblock/e5a/e5aae50ccbacd0d5649822d4c510e1f9.jpg,1756566,99112481
GD,Шилков,Данил,Евгеньевич,25,сентября,1982,http://www.duma.gov.ru/upload/iblock/657/6578831455564e33ad29cc5d5ecbfb62.jpg,1756735,99112888
GD,Шишкоедов,Василий,Михайлович,1,января,1953,http://www.duma.gov.ru/upload/iblock/c62/c626549919330494ec9d894bde225d51.jpg,1756734,99112889
GD,Шойгу,Лариса,Кужугетовна,21,января,1953,http://www.duma.gov.ru/upload/iblock/335/33565f074ac64ae8bf82f47dd397eb2a.jpg,1756565,99111084
GD,Шолохов,Александр,Михайлович,25,января,1962,http://www.duma.gov.ru/upload/iblock/d18/d18d8e503119df35ad5391e2a9050f82.jpg,1756993,99112890
GD,Шперов,Павел,Валентинович,4,июля,1971,http://www.duma.gov.ru/upload/iblock/c2a/c2a0b249fe53f7fe144852c16034e9ef.jpg,1756732,99112891
GD,Шрейдер,Виктор,Филиппович,23,февраля,1952,http://www.duma.gov.ru/upload/iblock/91d/91db7b06ca9e896af0a78ddd777f880d.jpg,1756969,99111977
GD,Шубин,Игорь,Николаевич,20,декабря,1955,http://www.duma.gov.ru/upload/iblock/239/239e6b6796498c04d37fc803a3ba48d6.jpg,1756564,99111645
GD,Шулепов,Евгений,Борисович,8,июня,1958,http://www.duma.gov.ru/upload/iblock/672/672fef0d38d4a65e8846556ee7b4cff9.jpg,1756563,99112892
GD,Шурчанов,Валентин,Сергеевич,19,января,1947,http://www.duma.gov.ru/upload/iblock/bec/becee156be84559251bb6645680e6012.jpg,1756562,99107007
GD,Шхагошев,Адальби,Люлевич,6,июня,1967,http://www.duma.gov.ru/upload/iblock/133/13373049134d3f7155075a5982e33ce5.jpg,1756561,99111086
GD,Щаблыкин,Максим,Иванович,13,июля,1970,http://www.duma.gov.ru/upload/iblock/a3a/a3a90e5271f20a926e21697ae0516c6f.jpg,1756560,99112893
GD,Щапов,Михаил,Викторович,20,сентября,1975,http://www.duma.gov.ru/upload/iblock/bbb/bbb1dadc24e9833732c9d0b0d20cdec1.jpg,1756559,99112894
GD,Эмиргамзаев,Абдулгамид,Гасанович,26,мая,1965,http://www.duma.gov.ru/upload/iblock/ba5/ba5b1ef09ff193d67490e072c39490c2.jpg,1756558,99112895
GD,Юмашева,Инга,Альбертовна,11,марта,1985,http://www.duma.gov.ru/upload/iblock/f59/f59fce483dc75e6e03f3ef740a09ca8e.jpg,1756557,99112896
GD,Юрков,Дмитрий,Васильевич,5,мая,1972,http://www.duma.gov.ru/upload/iblock/407/40731a8214a84f0835f156a8410f361e.jpg,1756555,99112897
GD,Ющенко,Александр,Андреевич,19,ноября,1969,http://www.duma.gov.ru/upload/iblock/bab/babe06be789bd5029e76a57000365d91.jpg,1756556,99111981
GD,Ямпольская,Елена,Александровна,20,июня,1971,http://www.duma.gov.ru/upload/iblock/1b8/1b897475362101945744f277b233286f.jpg,1756554,99112899
GD,Яровая,Ирина,Анатольевна,17,октября,1966,http://www.duma.gov.ru/upload/iblock/d04/d0446acc067636c2ea80828e34e20b2c.jpg,1756553,99111093
